customer_id,last_login,feature_usage_count,total_spend,subscription_tier,advance_attempts_30d,advance_approvals_30d
cust_10427,2025-07-14T00:32:07Z,3,34.24,free,0,0
cust_10105,2025-06-25T23:57:03Z,3,149.75,free,1,1
cust_10145,2025-07-14T19:31:08Z,3,10.97,free,2,1
cust_10382,2025-07-30T22:45:26Z,2,12.13,plus,4,1
cust_10042,2025-08-08T23:14:54Z,4,9.42,plus,4,2
cust_10463,2025-07-12T07:50:13Z,3,13.39,pro,1,1
cust_10540,2025-07-31T22:46:48Z,0,12.7,free,0,0
cust_10394,2025-08-21T23:54:39Z,3,23.69,free,1,1
cust_10124,2025-06-16T23:13:14Z,4,34.0,plus,2,1
cust_00777,2025-07-22T00:56:19Z,2,24.08,free,1,1
cust_10582,2025-06-25T22:12:28Z,9,3.97,free,3,1
cust_10586,2025-08-07T15:19:57Z,1,64.55,free,0,0
cust_10569,2025-07-28T03:58:11Z,3,31.15,free,3,1
cust_00707,2025-07-12T05:27:47Z,1,12.39,plus,7,3
cust_10185,2025-08-15T22:46:57Z,3,11.98,free,3,1
cust_10275,2025-08-13T00:24:38Z,6,13.99,free,4,2
cust_10430,2025-08-19T10:45:27Z,2,10.56,plus,3,2
cust_10446,2025-07-23T23:24:46Z,3,6.53,free,2,1
cust_10316,2025-07-16T00:36:36Z,2,6.52,free,2,1
cust_10319,2025-06-26T22:04:42Z,2,302.33,free,0,0
cust_00803,2025-07-26T02:24:28Z,4,11.03,free,0,0
cust_10317,2025-06-26T04:03:47Z,4,22.28,free,2,1
cust_10358,2025-08-02T09:44:03Z,4,9.87,plus,1,1
cust_10008,2025-07-27T19:37:48Z,1,4.08,pro,4,2
cust_10420,2025-06-30T09:11:05Z,3,18.31,free,0,0
cust_10531,2025-07-23T08:22:35Z,4,17.37,plus,8,4
cust_10417,2025-06-15T04:44:53Z,2,12.06,free,3,2
cust_10162,2025-08-09T14:11:04Z,5,82.4,plus,2,1
cust_10496,2025-08-16T20:27:58Z,4,8.97,free,0,0
cust_10298,2025-08-18T01:35:33Z,3,8.16,plus,2,1
cust_00424,2025-07-06T18:06:53Z,6,31.68,pro,7,4
cust_10556,2025-07-09T15:45:56Z,7,31.29,free,0,0
cust_10433,2025-08-01T02:02:54Z,7,88.39,free,3,1
cust_00612,2025-08-19T02:31:29Z,4,20.48,free,0,0
cust_10519,2025-08-13T13:57:53Z,4,231.51,free,0,0
cust_10265,2025-08-10T06:30:20Z,4,26.4,plus,3,1
cust_00697,2025-06-26T07:46:44Z,3,95.18,pro,3,2
cust_10329,2025-06-26T12:18:42Z,4,35.73,free,1,1
cust_10235,2025-07-28T12:33:28Z,3,11.39,pro,5,2
cust_10555,2025-07-17T16:03:16Z,8,104.72,pro,5,2
cust_00504,2025-07-30T15:06:46Z,3,34.15,plus,2,1
cust_00027,2025-08-21T11:39:22Z,3,24.31,plus,4,2
cust_10562,2025-06-22T07:37:56Z,8,37.02,free,2,1
cust_10102,2025-07-19T17:07:18Z,4,13.31,free,2,1
cust_10371,2025-07-17T07:42:50Z,4,11.26,free,1,0
cust_10568,2025-07-19T08:15:56Z,2,55.76,free,0,0
cust_10488,2025-08-01T23:17:06Z,7,147.09,plus,3,1
cust_10502,2025-08-22T14:10:49Z,10,12.09,pro,3,1
cust_10156,2025-08-02T08:17:45Z,2,7.15,free,0,0
cust_00047,2025-08-19T15:52:05Z,5,12.32,free,4,2
cust_10455,2025-07-12T06:59:34Z,2,44.37,free,0,0
cust_10289,2025-08-22T06:55:28Z,5,45.61,plus,2,1
cust_10449,2025-07-25T08:47:25Z,3,17.78,plus,1,1
cust_00843,2025-07-30T23:04:36Z,4,23.4,plus,0,0
cust_10224,2025-08-13T09:52:58Z,3,22.06,free,2,1
cust_10325,2025-08-19T07:32:48Z,4,22.55,free,1,1
cust_10081,2025-08-03T16:59:27Z,6,71.46,plus,1,0
cust_10246,2025-07-04T00:31:19Z,10,8.34,free,2,1
cust_10389,2025-07-13T20:43:25Z,0,8.54,free,0,0
cust_10167,2025-08-19T20:49:27Z,7,1.37,plus,0,0
cust_10093,2025-08-11T07:28:59Z,7,5.02,free,0,0
cust_10189,2025-06-25T21:42:05Z,7,37.66,free,1,1
cust_10026,2025-08-19T00:01:23Z,1,20.39,free,0,0
cust_10517,2025-06-29T18:35:21Z,5,10.76,plus,2,1
cust_10082,2025-08-07T18:57:10Z,3,21.98,free,3,1
cust_10312,2025-08-18T23:35:55Z,4,113.92,free,3,1
cust_10056,2025-08-04T00:20:48Z,5,16.04,free,0,0
cust_10366,2025-07-10T03:53:28Z,0,20.07,free,0,0
cust_10230,2025-07-24T10:41:05Z,4,28.17,plus,1,1
cust_10133,2025-08-06T17:49:38Z,3,10.07,free,3,1
cust_10209,2025-08-21T06:53:53Z,2,18.83,free,2,1
cust_00558,2025-08-19T18:19:07Z,2,20.02,plus,5,3
cust_10445,2025-07-18T06:45:54Z,6,20.66,pro,5,2
cust_00774,2025-08-13T03:06:09Z,4,62.96,plus,0,0
cust_10334,2025-08-06T03:38:33Z,2,20.02,plus,6,3
cust_10240,2025-06-27T09:27:36Z,5,25.23,free,1,1
cust_10341,2025-08-04T18:03:34Z,7,2.21,plus,8,4
cust_10422,2025-07-28T03:31:15Z,3,54.36,plus,3,2
cust_10218,2025-08-19T01:41:14Z,3,10.82,free,2,1
cust_10347,2025-07-13T03:17:47Z,1,20.64,plus,3,1
cust_00813,2025-07-21T06:01:37Z,4,13.46,plus,2,1
cust_10219,2025-07-02T00:00:23Z,4,35.52,plus,4,2
cust_10524,2025-08-06T07:28:39Z,1,4.73,plus,4,2
cust_10063,2025-08-06T22:14:50Z,5,47.12,free,2,1
cust_00111,2025-07-14T06:23:50Z,3,20.16,pro,3,2
cust_00076,2025-08-07T11:45:00Z,5,81.17,free,2,1
cust_00100,2025-07-18T15:19:10Z,4,129.87,plus,3,1
cust_10074,2025-08-13T03:18:56Z,6,20.89,plus,6,3
cust_10508,2025-07-03T21:23:03Z,7,7.21,free,3,2
cust_10435,2025-06-29T20:12:41Z,4,8.08,plus,1,0
cust_10374,2025-07-15T01:03:43Z,1,25.09,free,2,1
cust_10195,2025-08-01T03:59:01Z,3,91.24,pro,5,2
cust_10012,2025-06-17T16:37:58Z,6,26.7,free,4,2
cust_10310,2025-07-12T16:04:39Z,5,47.2,free,0,0
cust_10471,2025-07-25T13:00:05Z,5,24.88,plus,3,1
cust_10274,2025-08-20T13:45:49Z,5,15.92,free,0,0
cust_10441,2025-08-09T05:42:52Z,3,17.46,free,0,0
cust_10466,2025-06-15T12:33:41Z,3,18.46,free,0,0
cust_10138,2025-08-04T21:35:14Z,6,22.81,pro,3,1
cust_00731,2025-07-17T23:10:53Z,6,8.87,plus,2,1
cust_10380,2025-07-17T01:58:24Z,1,21.65,free,0,0
cust_10336,2025-06-27T13:31:37Z,4,24.38,plus,2,1
cust_10136,2025-07-16T18:19:54Z,4,60.49,free,1,0
cust_10503,2025-06-25T17:49:47Z,3,30.83,free,5,2
cust_10468,2025-07-11T03:09:32Z,1,31.45,pro,4,2
cust_10480,2025-08-09T06:26:59Z,2,13.09,free,1,1
cust_00332,2025-07-21T20:05:21Z,3,12.96,free,2,1
cust_10518,2025-08-08T02:54:11Z,5,36.59,pro,3,2
cust_00734,2025-08-14T20:54:08Z,4,49.32,free,3,1
cust_00339,2025-07-16T02:23:13Z,3,23.74,plus,0,0
cust_10538,2025-08-11T08:52:50Z,4,6.51,free,0,0
cust_10006,2025-07-21T16:34:37Z,10,23.74,free,3,1
cust_00817,2025-08-06T19:37:40Z,4,73.19,free,0,0
cust_10457,2025-08-07T00:02:51Z,4,7.45,free,5,2
cust_10375,2025-07-27T15:55:29Z,0,33.24,free,4,2
cust_10245,2025-07-14T04:46:04Z,3,11.62,free,2,1
cust_10365,2025-07-31T14:08:25Z,6,25.71,free,0,0
cust_10202,2025-07-05T07:57:27Z,4,19.58,pro,2,1
cust_10402,2025-07-08T08:52:05Z,3,29.09,free,0,0
cust_10577,2025-07-25T03:03:41Z,2,13.89,plus,3,1
cust_10549,2025-06-26T19:28:07Z,4,46.11,free,1,0
cust_10367,2025-07-08T18:01:26Z,3,23.31,free,0,0
cust_10002,2025-08-11T08:02:37Z,4,54.93,free,0,0
cust_10262,2025-07-21T05:25:42Z,5,22.07,plus,4,2
cust_10181,2025-07-14T14:45:13Z,0,32.55,plus,4,2
cust_10450,2025-07-09T00:02:35Z,6,18.4,free,1,0
cust_10214,2025-06-26T13:54:55Z,2,22.82,free,4,1
cust_10537,2025-08-03T02:13:25Z,2,36.04,free,6,2
cust_10085,2025-07-30T01:36:32Z,1,30.24,plus,1,0
cust_10126,2025-08-14T07:51:53Z,3,126.26,plus,3,1
cust_10547,2025-08-20T02:54:30Z,8,14.96,plus,0,0
cust_00422,2025-08-14T20:15:12Z,1,39.49,free,1,0
cust_10060,2025-07-16T12:30:30Z,2,5.84,plus,5,3
cust_10048,2025-07-31T13:55:56Z,1,28.22,free,2,1
cust_10061,2025-07-31T03:25:00Z,6,21.23,free,3,1
cust_10554,2025-06-23T00:20:51Z,2,7.7,plus,1,0
cust_10001,2025-06-19T21:26:48Z,1,34.03,free,2,1
cust_10467,2025-07-29T18:15:57Z,7,39.18,plus,2,1
cust_00179,2025-07-28T05:12:21Z,5,48.15,free,2,1
cust_10423,2025-08-01T01:27:35Z,2,13.53,plus,6,3
cust_10216,2025-08-16T16:23:26Z,3,51.81,free,4,2
cust_10075,2025-08-07T00:59:36Z,3,5.42,pro,5,3
cust_10120,2025-07-31T06:37:18Z,4,22.49,free,0,0
cust_10095,2025-07-22T20:00:36Z,5,29.27,free,0,0
cust_10585,2025-08-12T02:51:21Z,4,21.09,plus,7,3
cust_10504,2025-08-19T13:43:06Z,4,67.06,free,2,1
cust_10498,2025-07-01T06:26:28Z,4,17.31,free,3,1
cust_00874,2025-06-29T12:14:07Z,2,134.09,free,0,0
cust_00624,2025-08-11T00:42:38Z,0,27.0,free,3,1
cust_10053,2025-06-30T23:37:58Z,2,91.89,free,6,3
cust_10362,2025-07-20T15:26:07Z,4,27.31,free,1,0
cust_10007,2025-08-19T12:53:57Z,4,29.45,plus,0,0
cust_10307,2025-08-08T02:22:14Z,2,61.67,plus,2,1
cust_10149,2025-08-21T13:54:24Z,8,91.19,plus,1,1
cust_10119,2025-08-05T08:35:11Z,2,40.4,free,0,0
cust_10032,2025-08-14T03:45:05Z,3,48.48,free,2,1
cust_10406,2025-08-06T05:29:30Z,4,73.21,free,0,0
cust_10035,2025-07-30T16:48:55Z,1,21.47,free,0,0
cust_00794,2025-07-24T02:44:27Z,3,38.96,free,1,1
cust_00487,2025-08-08T21:14:33Z,2,29.36,free,5,3
cust_10532,2025-08-15T22:17:38Z,8,25.94,free,3,1
cust_00615,2025-08-21T22:06:47Z,6,45.61,plus,0,0
cust_10318,2025-07-17T23:14:19Z,2,36.82,plus,4,2
cust_00128,2025-08-17T08:08:24Z,4,61.34,free,2,1
cust_10212,2025-07-05T00:42:04Z,6,25.31,plus,3,2
cust_10497,2025-06-27T20:03:01Z,2,118.62,free,0,0
cust_10067,2025-06-23T08:10:01Z,5,18.7,free,1,1
cust_10158,2025-08-18T19:11:04Z,1,18.12,pro,3,2
cust_00599,2025-07-21T20:34:28Z,6,122.38,free,1,1
cust_10118,2025-07-04T18:12:56Z,4,16.58,plus,3,1
cust_00451,2025-08-19T19:14:48Z,3,39.96,free,1,0
cust_10456,2025-07-12T19:20:58Z,4,11.38,plus,2,1
cust_00521,2025-08-01T11:38:59Z,4,41.96,free,2,1
cust_10387,2025-08-14T09:00:58Z,4,76.23,free,3,2
cust_10144,2025-08-06T21:55:29Z,2,36.43,free,2,1
cust_10135,2025-07-26T02:09:10Z,3,6.46,free,0,0
cust_00798,2025-07-03T04:45:26Z,4,65.57,plus,1,0
cust_10277,2025-08-05T04:44:54Z,2,36.89,plus,0,0
cust_10191,2025-06-30T23:28:26Z,4,62.55,plus,3,1
cust_10267,2025-08-06T22:40:36Z,3,46.85,pro,2,1
cust_00317,2025-07-13T15:20:29Z,1,3.94,free,0,0
cust_00736,2025-07-15T22:00:21Z,6,41.75,plus,0,0
cust_10573,2025-08-10T16:17:34Z,5,38.46,plus,2,1
cust_10036,2025-07-29T21:15:35Z,4,49.38,free,0,0
cust_10027,2025-08-07T06:26:40Z,4,8.56,pro,4,2
cust_10407,2025-08-17T12:26:21Z,4,31.98,free,2,1
cust_10351,2025-06-28T21:58:32Z,4,17.72,free,0,0
cust_10545,2025-08-03T03:30:55Z,2,61.03,plus,2,1
cust_10268,2025-07-16T11:40:07Z,3,20.98,free,1,1
cust_10183,2025-07-09T06:46:50Z,7,11.0,pro,4,2
cust_10258,2025-06-30T06:59:34Z,2,188.92,plus,3,1
cust_10539,2025-08-14T17:25:47Z,4,12.39,free,1,0
cust_10553,2025-08-04T10:44:49Z,4,68.91,free,0,0
cust_10166,2025-08-10T04:55:42Z,2,169.93,free,4,2
cust_10130,2025-06-26T15:04:45Z,1,90.69,plus,3,2
cust_10451,2025-07-01T18:20:30Z,3,21.52,plus,2,1
cust_10198,2025-08-12T23:58:28Z,8,30.2,free,5,3
cust_10327,2025-08-08T14:33:28Z,4,55.89,free,0,0
cust_10438,2025-07-23T18:02:10Z,2,10.92,free,4,2
cust_10551,2025-08-14T05:04:58Z,2,6.91,free,0,0
cust_10176,2025-07-20T12:59:08Z,2,16.29,plus,4,2
cust_10051,2025-07-30T23:29:24Z,3,26.74,plus,1,0
cust_10169,2025-08-09T19:35:57Z,3,7.73,free,1,1
cust_10292,2025-06-25T23:54:24Z,2,21.81,free,1,0
cust_10237,2025-07-28T18:05:54Z,4,45.94,plus,6,4
cust_10264,2025-07-29T16:35:18Z,7,9.57,free,2,1
cust_10175,2025-08-21T18:50:21Z,2,48.28,free,1,1
cust_10100,2025-07-06T19:17:01Z,9,76.27,free,1,0
cust_00144,2025-07-28T18:10:57Z,3,14.94,free,2,1
cust_10108,2025-07-13T23:13:51Z,7,150.45,free,5,3
cust_10408,2025-07-14T10:29:18Z,5,72.76,free,2,1
cust_10514,2025-07-31T12:22:07Z,3,22.93,free,0,0
cust_10285,2025-08-05T23:10:25Z,5,38.56,pro,4,2
cust_10062,2025-07-17T21:20:23Z,3,8.15,plus,7,3
cust_10064,2025-07-18T01:33:48Z,5,51.15,plus,0,0
cust_10309,2025-07-01T04:42:24Z,5,111.89,plus,2,1
cust_10150,2025-07-08T21:49:08Z,3,32.86,plus,1,0
cust_10217,2025-08-07T22:34:55Z,5,33.22,plus,2,1
cust_10297,2025-08-18T06:43:34Z,6,4.55,free,3,2
cust_00742,2025-06-20T14:31:50Z,10,5.09,free,0,0
cust_10527,2025-07-12T08:24:53Z,4,36.1,plus,3,1
cust_00093,2025-07-22T05:31:52Z,1,2.86,free,2,1
cust_10398,2025-08-07T18:40:13Z,3,32.26,plus,2,1
cust_10483,2025-08-04T18:44:12Z,4,21.01,plus,3,2
cust_00478,2025-07-18T03:16:41Z,1,17.3,free,2,1
cust_10010,2025-08-20T04:40:00Z,9,41.75,plus,2,1
cust_10314,2025-07-13T19:30:25Z,2,20.81,free,0,0
cust_10326,2025-08-05T02:51:01Z,2,11.5,plus,2,1
cust_00163,2025-07-20T21:03:30Z,1,30.23,free,2,1
cust_10079,2025-08-17T04:27:16Z,5,27.79,free,0,0
cust_10127,2025-08-12T15:29:49Z,2,81.77,free,0,0
cust_10037,2025-07-02T12:39:06Z,4,17.79,free,2,1
cust_10431,2025-07-12T22:47:36Z,6,33.25,plus,0,0
cust_10057,2025-08-15T03:50:56Z,4,32.28,free,0,0
cust_10354,2025-08-22T09:25:07Z,6,52.01,free,0,0
cust_10490,2025-07-08T10:18:23Z,4,15.15,free,1,1
cust_10129,2025-08-11T06:45:42Z,6,36.56,free,1,0
cust_10411,2025-08-08T12:11:06Z,2,9.08,free,0,0
cust_10338,2025-06-24T04:22:12Z,3,77.0,free,2,1
cust_10157,2025-07-05T08:18:07Z,3,31.6,plus,3,1
cust_10205,2025-07-15T00:14:38Z,4,32.08,free,2,1
cust_00139,2025-06-20T10:51:54Z,2,20.73,free,0,0
cust_10476,2025-06-28T14:38:25Z,1,4.97,free,5,3
cust_10511,2025-08-17T22:45:50Z,1,48.45,free,1,0
cust_10172,2025-08-06T15:20:02Z,2,12.88,plus,2,1
cust_10487,2025-07-24T07:21:10Z,4,8.72,plus,0,0
cust_10187,2025-06-23T08:23:16Z,1,13.89,free,2,1
cust_10590,2025-08-12T02:33:52Z,3,3.55,free,0,0
cust_10505,2025-08-20T18:16:43Z,1,50.48,plus,1,1
cust_10173,2025-07-06T16:44:43Z,5,6.01,free,4,2
cust_10392,2025-08-17T23:46:35Z,4,8.25,pro,1,0
cust_10025,2025-07-27T02:12:01Z,2,9.36,free,1,1
cust_00739,2025-08-02T20:22:42Z,3,23.8,free,0,0
cust_10174,2025-07-30T11:27:16Z,6,5.76,free,3,1
cust_10443,2025-07-16T09:44:34Z,3,86.3,free,2,1
cust_00397,2025-07-19T01:56:05Z,1,6.57,free,4,1
cust_00333,2025-08-03T06:46:24Z,3,61.25,free,3,2
cust_10510,2025-07-25T03:48:35Z,7,61.49,free,0,0
cust_10184,2025-06-20T01:25:27Z,3,5.14,free,2,1
cust_10462,2025-07-24T16:27:04Z,9,16.03,free,2,1
cust_10020,2025-07-04T10:41:49Z,4,14.35,plus,3,2
cust_10520,2025-07-13T19:37:42Z,5,58.87,free,4,2
cust_00485,2025-08-12T12:51:16Z,5,8.15,free,0,0
cust_10242,2025-06-23T23:56:03Z,3,48.76,free,0,0
cust_10459,2025-06-22T13:01:34Z,1,25.85,free,0,0
cust_10395,2025-07-13T06:35:36Z,1,62.07,free,0,0
cust_10016,2025-08-12T02:01:33Z,4,19.41,free,2,1
cust_10058,2025-08-19T12:28:28Z,3,6.61,free,3,2
cust_10117,2025-07-16T22:57:03Z,3,34.05,free,2,1
cust_10473,2025-07-11T18:09:30Z,3,6.02,free,1,0
cust_10273,2025-08-18T07:54:01Z,5,51.05,free,1,1
cust_10229,2025-07-28T10:26:19Z,2,26.5,plus,2,1
cust_00078,2025-08-14T08:21:37Z,4,32.14,plus,5,2
cust_10576,2025-08-13T00:04:52Z,1,50.69,plus,2,1
cust_10542,2025-08-06T09:31:40Z,6,2.93,free,0,0
cust_00125,2025-08-08T15:16:58Z,3,29.44,pro,5,3
cust_10350,2025-08-16T05:02:03Z,4,90.01,free,1,1
cust_10261,2025-07-14T15:18:45Z,1,4.68,pro,5,2
cust_10535,2025-08-13T10:31:41Z,3,29.38,pro,2,1
cust_10223,2025-07-28T01:53:34Z,3,60.8,plus,3,2
cust_10391,2025-06-29T18:31:40Z,4,55.18,free,0,0
cust_10588,2025-08-22T15:16:31Z,3,2.71,free,0,0
cust_10305,2025-08-22T18:53:30Z,5,43.77,free,0,0
cust_10472,2025-07-01T06:59:13Z,7,63.47,free,0,0
cust_10151,2025-08-16T19:20:57Z,2,14.28,plus,4,2
cust_10579,2025-07-03T20:14:49Z,2,9.07,free,0,0
cust_10049,2025-08-12T15:18:53Z,5,30.18,free,3,1
cust_10065,2025-06-26T18:29:03Z,7,28.75,free,3,1
cust_10415,2025-07-03T01:39:06Z,0,59.95,plus,3,1
cust_10034,2025-08-20T02:42:29Z,5,101.56,free,0,0
cust_10331,2025-07-19T21:52:44Z,4,56.22,free,3,1
cust_00453,2025-07-24T07:37:53Z,2,15.87,free,1,0
cust_10238,2025-08-02T11:15:42Z,3,102.54,plus,0,0
cust_00217,2025-08-07T19:39:02Z,2,56.68,free,1,0
cust_10092,2025-07-01T13:07:13Z,3,21.53,free,2,1
cust_10083,2025-07-10T17:34:40Z,2,80.25,plus,0,0
cust_10017,2025-07-27T08:41:20Z,4,38.6,free,3,1
cust_10132,2025-08-20T11:06:38Z,2,12.2,pro,4,1
cust_10168,2025-08-21T19:31:22Z,2,27.9,free,1,0
cust_10253,2025-07-26T18:50:14Z,5,37.14,free,4,2
cust_10147,2025-07-18T21:27:00Z,2,34.46,plus,6,2
cust_10256,2025-07-28T21:41:48Z,3,54.7,pro,4,2
cust_10204,2025-07-07T13:51:54Z,0,35.95,free,2,1
cust_10033,2025-08-10T04:58:18Z,3,55.94,free,1,0
cust_10251,2025-08-15T20:29:26Z,4,85.26,free,3,1
cust_10047,2025-07-04T00:19:20Z,2,9.75,pro,5,2
cust_10260,2025-07-01T20:09:38Z,4,9.74,free,2,1
cust_10320,2025-08-21T10:44:25Z,0,22.88,free,0,0
cust_10290,2025-08-15T05:21:12Z,1,10.94,free,1,0
cust_10337,2025-08-09T15:51:58Z,2,152.22,free,4,2
cust_10421,2025-07-05T22:19:38Z,3,128.54,free,0,0
cust_10270,2025-06-17T17:25:22Z,2,62.42,free,2,1
cust_00066,2025-07-24T22:04:58Z,6,48.66,plus,4,2
cust_00220,2025-08-22T07:42:53Z,9,20.82,pro,6,3
cust_10461,2025-07-23T14:49:04Z,5,24.79,free,0,0
cust_10266,2025-07-05T18:58:51Z,6,11.18,free,0,0
cust_10594,2025-08-21T10:53:49Z,3,7.83,plus,0,0
cust_10296,2025-08-07T14:17:39Z,2,27.41,free,1,0
cust_00831,2025-06-25T01:28:32Z,6,38.41,free,1,0
cust_10346,2025-07-19T07:24:38Z,2,8.5,pro,3,1
cust_10541,2025-08-17T01:13:15Z,1,25.14,pro,2,1
cust_10231,2025-07-09T11:24:24Z,0,17.68,plus,7,3
cust_10139,2025-07-29T22:58:11Z,4,26.46,free,4,2
cust_10352,2025-08-19T20:29:23Z,6,8.29,pro,2,1
cust_10249,2025-08-11T17:20:39Z,4,46.19,free,2,1
cust_10115,2025-08-08T21:27:08Z,3,50.18,free,0,0
cust_10177,2025-08-16T12:55:10Z,3,71.02,free,1,0
cust_10070,2025-08-17T16:16:16Z,5,9.62,free,1,1
cust_10388,2025-07-02T01:05:29Z,2,63.65,free,2,1
cust_10099,2025-07-17T23:43:36Z,6,20.43,free,2,1
cust_10248,2025-06-18T08:58:17Z,4,60.48,plus,1,0
cust_10163,2025-07-22T12:09:42Z,1,78.08,free,0,0
cust_10550,2025-08-01T13:19:03Z,6,14.54,plus,1,1
cust_00895,2025-08-21T19:56:51Z,5,23.82,plus,0,0
cust_10066,2025-07-31T01:05:42Z,1,16.58,pro,8,4
cust_00430,2025-07-07T19:33:10Z,2,16.3,free,0,0
cust_10563,2025-06-23T07:00:39Z,9,25.27,plus,2,1
cust_10534,2025-07-21T10:01:21Z,1,5.67,free,2,1
cust_10040,2025-07-17T06:45:45Z,2,21.39,plus,5,3
cust_10410,2025-07-20T19:01:29Z,2,65.35,plus,4,2
cust_10458,2025-08-14T18:10:12Z,7,19.73,free,0,0
cust_00648,2025-07-19T09:50:39Z,1,22.45,plus,5,3
cust_10302,2025-08-05T19:25:50Z,5,73.95,free,1,0
cust_10484,2025-07-24T20:07:36Z,6,12.59,pro,3,2
cust_10561,2025-08-11T02:12:22Z,6,61.09,free,6,3
cust_10254,2025-07-29T15:21:03Z,3,11.9,free,2,1
cust_10349,2025-08-17T16:14:39Z,3,134.85,plus,6,3
cust_10038,2025-07-05T11:56:18Z,5,41.9,free,0,0
cust_10161,2025-08-17T17:33:05Z,4,57.33,free,1,1
cust_10015,2025-07-23T13:49:55Z,1,23.8,pro,3,1
cust_10024,2025-07-12T19:44:24Z,5,4.5,plus,5,2
cust_10434,2025-08-05T16:33:39Z,5,33.23,free,0,0
cust_10419,2025-06-26T20:04:29Z,3,14.74,free,0,0
cust_10370,2025-07-09T18:18:56Z,4,12.45,free,1,0
cust_10272,2025-07-01T01:01:37Z,5,27.06,free,6,3
cust_10199,2025-08-20T12:21:15Z,2,207.77,free,0,0
cust_00671,2025-08-16T18:08:04Z,3,11.32,plus,0,0
cust_10385,2025-07-15T12:46:54Z,3,21.13,plus,0,0
cust_10536,2025-06-15T13:49:46Z,2,46.96,free,5,3
cust_10255,2025-07-28T03:21:26Z,4,8.89,free,4,2
cust_10164,2025-08-22T01:35:42Z,4,12.7,free,1,1
cust_10103,2025-08-07T07:28:27Z,5,44.98,free,0,0
cust_10227,2025-08-16T06:50:33Z,4,29.04,free,1,1
cust_10030,2025-07-14T11:43:43Z,6,36.05,free,2,1
cust_10526,2025-06-16T01:04:22Z,6,46.83,free,1,1
cust_10328,2025-08-14T18:55:13Z,5,20.04,free,1,0
cust_10301,2025-07-31T21:32:44Z,2,58.51,free,5,2
cust_10244,2025-07-27T04:58:19Z,3,28.66,free,1,1
cust_10377,2025-08-15T13:02:07Z,2,27.88,plus,3,1
cust_10404,2025-08-01T15:58:53Z,2,24.72,plus,7,3
cust_10485,2025-08-21T02:48:11Z,5,136.01,free,3,2
cust_10106,2025-07-06T22:46:37Z,6,16.58,pro,1,0
cust_10470,2025-07-28T00:18:46Z,4,28.38,plus,5,2
cust_10171,2025-07-30T13:22:32Z,4,39.24,free,0,0
cust_10281,2025-07-13T03:20:04Z,4,55.55,free,1,0
cust_10492,2025-07-02T19:22:13Z,3,142.28,free,0,0
cust_10454,2025-07-09T11:28:27Z,4,126.2,plus,2,1
cust_00589,2025-07-05T09:43:06Z,1,49.86,free,0,0
cust_10593,2025-08-19T23:38:16Z,3,60.63,free,0,0
cust_00449,2025-08-10T21:16:03Z,5,28.31,free,3,1
cust_10564,2025-08-05T23:15:19Z,5,6.06,free,0,0
cust_00611,2025-07-26T23:01:12Z,1,156.78,free,0,0
cust_10287,2025-07-16T12:59:11Z,4,53.47,free,2,1
cust_10348,2025-07-21T10:05:28Z,5,26.19,plus,4,2
cust_10581,2025-08-12T22:20:01Z,1,3.58,free,5,3
cust_10306,2025-08-10T09:18:39Z,3,40.22,free,1,0
cust_10592,2025-08-09T07:08:17Z,7,92.97,plus,1,0
cust_00292,2025-07-30T03:31:29Z,3,23.15,pro,3,2
cust_10512,2025-07-06T06:24:52Z,4,14.31,free,0,0
cust_10086,2025-08-06T22:22:45Z,1,5.98,free,1,1
cust_10412,2025-08-07T10:06:06Z,2,44.74,free,0,0
cust_10073,2025-08-06T07:15:21Z,3,3.77,free,0,0
cust_10046,2025-07-24T03:15:31Z,3,19.69,pro,4,2
cust_10009,2025-07-17T05:49:18Z,4,41.84,plus,1,1
cust_10369,2025-07-15T14:04:46Z,2,6.81,free,0,0
cust_10276,2025-06-26T08:48:50Z,4,20.08,free,3,1
cust_10140,2025-06-18T03:45:59Z,7,73.9,pro,4,2
cust_10004,2025-07-30T12:24:58Z,4,102.7,free,0,0
cust_10087,2025-07-29T06:28:51Z,3,19.92,free,1,0
cust_10154,2025-07-31T21:57:52Z,0,107.68,pro,3,1
cust_10143,2025-07-12T06:24:00Z,3,39.31,free,3,2
cust_10578,2025-07-13T00:54:33Z,4,14.44,free,0,0
cust_10546,2025-07-23T18:37:47Z,2,34.82,plus,4,2
cust_10014,2025-07-30T06:38:13Z,5,11.38,free,1,0
cust_10208,2025-06-28T04:04:18Z,4,10.55,free,0,0
cust_10501,2025-08-03T17:50:58Z,4,19.16,free,2,1
cust_10373,2025-06-20T15:55:15Z,3,19.48,pro,6,4
cust_10363,2025-07-30T03:55:13Z,4,38.26,free,2,1
cust_10477,2025-06-26T11:22:41Z,3,23.38,plus,3,1
cust_00001,2025-07-09T11:32:48Z,4,56.64,free,0,0
cust_10567,2025-08-07T04:33:22Z,7,46.75,free,3,2
cust_00400,2025-08-17T00:57:18Z,3,123.65,plus,8,5
cust_00775,2025-06-20T23:01:04Z,3,11.11,free,3,2
cust_10279,2025-08-12T10:15:41Z,4,60.97,free,3,2
cust_00074,2025-07-05T14:39:32Z,2,117.49,free,1,1
cust_10182,2025-08-14T07:30:37Z,3,36.54,plus,3,1
cust_00056,2025-07-20T05:37:48Z,4,21.69,free,0,0
cust_10111,2025-07-03T03:11:07Z,5,6.21,plus,4,2
cust_00650,2025-06-27T02:00:21Z,3,9.4,free,0,0
cust_10303,2025-07-24T03:05:40Z,4,45.98,free,0,0
cust_10429,2025-08-17T08:17:54Z,2,24.32,pro,5,3
cust_00672,2025-07-30T09:20:51Z,1,7.08,plus,0,0
cust_10308,2025-07-02T01:58:38Z,5,62.34,plus,2,1
cust_10515,2025-08-16T01:53:36Z,3,21.67,plus,2,1
cust_10211,2025-08-14T15:39:37Z,7,134.7,free,2,1
cust_10109,2025-07-19T17:39:30Z,10,9.78,free,0,0
cust_10112,2025-06-29T21:26:48Z,4,4.08,plus,1,0
cust_10509,2025-08-19T05:56:48Z,6,41.66,free,1,0
cust_10263,2025-07-12T04:25:11Z,2,25.28,free,4,2
cust_10188,2025-07-12T10:05:34Z,3,14.29,plus,6,3
cust_10426,2025-07-06T21:53:20Z,4,4.63,free,2,1
cust_10121,2025-07-25T07:13:59Z,2,27.75,free,3,2
cust_10054,2025-06-26T20:52:47Z,3,52.49,plus,6,2
cust_10225,2025-08-01T00:10:47Z,0,5.53,pro,5,3
cust_10094,2025-07-30T02:10:05Z,5,179.08,free,0,0
cust_10529,2025-07-10T05:35:41Z,2,40.85,plus,1,0
cust_10247,2025-07-04T23:33:23Z,3,13.49,free,2,1
cust_10493,2025-07-07T12:48:47Z,3,26.47,plus,5,2
cust_10400,2025-06-30T12:02:36Z,4,12.19,free,0,0
cust_10179,2025-06-16T02:24:11Z,6,12.37,free,4,2
cust_10295,2025-08-06T14:01:54Z,6,27.75,free,0,0
cust_10137,2025-07-22T14:43:34Z,6,22.75,free,3,2
cust_10381,2025-07-05T07:04:28Z,3,12.6,plus,4,2
cust_10250,2025-07-02T04:09:02Z,7,34.67,pro,4,2
cust_10522,2025-06-17T19:48:12Z,3,5.93,pro,7,3
cust_00198,2025-08-11T02:49:43Z,2,49.81,pro,6,3
cust_10291,2025-07-07T13:23:32Z,6,8.49,plus,1,1
cust_10393,2025-08-18T16:18:34Z,5,16.46,pro,2,1
cust_10197,2025-08-05T08:54:17Z,3,11.34,free,5,3
cust_10464,2025-07-28T02:04:27Z,6,18.91,free,2,1
cust_10460,2025-08-20T18:01:31Z,2,55.94,free,3,1
cust_10018,2025-07-23T13:31:44Z,4,24.7,plus,0,0
cust_10548,2025-07-02T10:42:39Z,1,45.45,plus,5,3
cust_10232,2025-07-20T01:09:24Z,5,16.15,free,3,1
cust_10533,2025-07-22T02:23:34Z,3,11.46,pro,5,2
cust_10294,2025-07-10T02:52:31Z,2,73.29,free,2,1
cust_10583,2025-06-27T09:12:15Z,8,26.74,plus,4,1
cust_10428,2025-08-03T02:04:58Z,4,9.87,plus,3,2
cust_10228,2025-08-17T16:00:39Z,7,24.0,plus,1,0
cust_10142,2025-06-15T06:15:17Z,10,26.26,free,0,0
cust_10333,2025-07-24T06:59:31Z,4,19.7,free,0,0
cust_10418,2025-07-04T20:49:05Z,7,20.35,free,3,1
cust_00572,2025-07-16T07:49:46Z,1,34.1,plus,2,1
cust_00890,2025-07-03T12:34:28Z,5,11.17,pro,5,3
cust_10516,2025-08-06T03:44:03Z,4,40.81,free,7,3
cust_00121,2025-08-05T06:57:08Z,4,16.79,free,1,0
cust_00162,2025-08-17T06:25:35Z,3,37.83,plus,0,0
cust_10364,2025-08-17T03:45:41Z,1,46.11,free,0,0
cust_00103,2025-07-10T05:40:27Z,4,12.55,plus,0,0
cust_10089,2025-07-26T12:48:06Z,6,34.11,free,7,3
cust_10453,2025-08-20T07:23:39Z,3,27.98,free,0,0
cust_10386,2025-07-17T20:13:04Z,7,36.89,plus,0,0
cust_10011,2025-08-05T15:51:34Z,1,26.65,pro,5,2
cust_10424,2025-08-13T01:39:39Z,5,10.75,free,2,1
cust_10200,2025-08-02T18:57:50Z,2,8.04,plus,3,1
cust_00751,2025-07-07T01:19:52Z,2,13.5,free,2,1
cust_10361,2025-08-05T19:57:40Z,8,17.27,pro,4,2
cust_10575,2025-08-08T10:32:46Z,4,9.17,free,1,1
cust_10343,2025-07-21T14:00:40Z,2,27.18,pro,4,2
cust_00816,2025-06-25T06:52:48Z,2,20.89,free,0,0
cust_10390,2025-06-25T11:06:18Z,9,15.05,free,0,0
cust_10243,2025-07-21T23:39:39Z,6,10.46,free,3,1
cust_10210,2025-08-10T03:08:35Z,4,61.85,free,4,2
cust_00554,2025-06-30T13:37:59Z,5,34.48,free,1,0
cust_00844,2025-08-17T15:50:27Z,2,23.06,free,3,1
cust_10123,2025-06-27T22:11:54Z,2,14.13,plus,2,1
cust_10500,2025-07-26T17:42:00Z,3,160.5,free,0,0
cust_10557,2025-07-29T08:52:05Z,1,40.72,free,1,0
cust_10323,2025-07-25T05:45:57Z,0,23.41,plus,2,1
cust_10052,2025-08-09T05:03:24Z,1,52.66,free,0,0
cust_00488,2025-08-01T06:32:17Z,4,90.63,plus,3,1
cust_10432,2025-07-25T16:50:00Z,5,26.53,plus,3,1
cust_10207,2025-07-03T17:58:55Z,6,16.49,free,1,1
cust_00676,2025-07-27T09:57:04Z,1,26.75,pro,4,2
cust_00320,2025-07-27T03:55:47Z,3,13.36,plus,6,3
cust_10050,2025-07-12T20:26:00Z,5,10.35,plus,3,1
cust_10313,2025-07-19T16:30:47Z,4,53.95,free,0,0
cust_10170,2025-07-27T01:43:00Z,3,22.45,pro,3,1
cust_10342,2025-07-13T23:56:42Z,7,89.9,plus,5,2
cust_00873,2025-07-30T07:13:40Z,1,45.11,free,5,2
cust_00782,2025-08-16T05:16:13Z,4,23.73,plus,0,0
cust_10357,2025-08-22T12:45:39Z,3,28.04,free,0,0
cust_10055,2025-08-09T18:24:13Z,3,5.32,free,4,2
cust_10021,2025-08-01T03:58:07Z,3,12.71,free,0,0
cust_00850,2025-08-20T18:16:54Z,4,52.73,free,4,2
cust_00696,2025-07-27T10:57:17Z,3,21.51,free,4,2
cust_10069,2025-07-08T01:31:05Z,3,23.84,plus,4,2
cust_10589,2025-08-21T11:59:03Z,2,27.3,pro,6,3
cust_10499,2025-08-17T06:48:10Z,2,3.99,free,0,0
cust_10507,2025-08-17T18:11:13Z,3,27.35,free,0,0
cust_10442,2025-07-16T07:42:43Z,1,41.49,pro,3,1
cust_10322,2025-07-14T23:36:31Z,2,60.35,pro,6,3
cust_10591,2025-08-15T00:03:04Z,9,42.81,plus,2,1
cust_10452,2025-08-18T00:09:27Z,7,12.69,plus,1,1
cust_10096,2025-07-26T00:08:06Z,1,21.07,free,1,0
cust_10479,2025-06-19T17:34:33Z,3,32.71,free,3,2
cust_10180,2025-08-17T21:26:11Z,4,10.67,plus,0,0
cust_00195,2025-08-16T23:15:31Z,2,56.98,plus,4,2
cust_10506,2025-07-29T22:16:41Z,6,36.25,free,0,0
cust_10489,2025-07-24T14:28:15Z,6,40.72,free,0,0
cust_00818,2025-07-20T05:59:55Z,3,6.64,free,3,1
cust_00796,2025-07-15T01:05:51Z,1,4.19,plus,5,2
cust_10368,2025-08-09T10:25:18Z,2,47.11,pro,3,1
cust_10356,2025-08-19T06:40:52Z,7,29.09,plus,3,2
cust_10335,2025-08-04T13:34:39Z,4,17.28,free,1,1
cust_10525,2025-08-05T19:39:01Z,4,103.96,free,3,1
cust_10570,2025-07-22T09:21:42Z,1,34.39,plus,1,0
cust_10288,2025-07-25T11:51:45Z,2,61.19,plus,4,2
cust_10481,2025-07-19T01:42:59Z,7,9.5,plus,3,1
cust_00090,2025-07-28T00:14:57Z,5,22.55,free,0,0
cust_10440,2025-06-22T19:36:56Z,4,98.49,free,3,1
cust_10558,2025-06-23T05:45:03Z,3,19.12,plus,1,0
cust_10491,2025-06-26T02:14:25Z,4,33.34,pro,2,1
cust_10332,2025-08-14T18:42:45Z,2,32.36,free,3,1
cust_00541,2025-07-15T14:43:38Z,2,11.14,free,2,1
cust_10022,2025-08-22T09:55:32Z,2,14.94,plus,2,1
cust_10257,2025-08-15T19:39:06Z,3,37.64,free,0,0
cust_10413,2025-08-20T16:47:37Z,3,21.24,free,2,1
cust_10528,2025-07-28T12:27:18Z,2,18.34,free,0,0
cust_10146,2025-07-05T20:37:16Z,2,16.18,free,2,1
cust_10587,2025-08-12T17:55:06Z,5,6.87,free,0,0
cust_10283,2025-06-30T19:40:18Z,3,4.55,free,3,2
cust_10397,2025-08-03T15:34:18Z,6,13.67,free,1,0
cust_10521,2025-08-18T08:41:08Z,0,5.65,free,3,1
cust_10080,2025-07-05T16:51:42Z,2,9.67,free,2,1
cust_10405,2025-07-14T21:20:59Z,7,19.15,free,1,1
cust_10572,2025-08-21T03:59:33Z,3,12.99,free,2,1
cust_10029,2025-07-11T10:42:36Z,0,53.15,plus,2,1
cust_10482,2025-06-22T08:32:09Z,1,32.15,free,3,1
cust_10045,2025-08-06T16:34:21Z,6,69.57,free,0,0
cust_10543,2025-07-30T19:28:57Z,4,45.61,free,0,0
cust_10196,2025-08-01T10:42:48Z,4,7.91,free,1,1
cust_10071,2025-07-31T10:39:58Z,2,43.92,free,2,1
cust_00557,2025-07-17T03:08:07Z,2,218.42,free,0,0
cust_10425,2025-07-03T07:16:21Z,2,7.89,plus,5,2
cust_10186,2025-06-26T20:48:06Z,4,5.13,plus,0,0
cust_10131,2025-08-13T09:22:45Z,6,15.2,pro,3,1
cust_10580,2025-08-12T22:28:58Z,1,82.92,free,3,1
cust_10194,2025-07-22T02:43:20Z,5,6.42,free,0,0
cust_10269,2025-07-24T14:12:50Z,7,73.86,free,0,0
cust_10072,2025-07-16T13:01:33Z,7,23.04,plus,4,2
cust_10360,2025-07-16T21:47:14Z,4,10.21,plus,4,2
cust_10552,2025-08-17T06:56:59Z,5,9.34,free,1,0
cust_10101,2025-07-09T04:15:06Z,3,7.55,free,1,0
cust_10203,2025-08-11T09:21:30Z,4,6.25,free,3,2
cust_10220,2025-08-12T12:18:38Z,8,21.45,free,0,0
cust_10344,2025-07-27T04:24:34Z,4,18.63,free,2,1
cust_10282,2025-07-21T01:49:19Z,2,7.79,plus,3,1
cust_00407,2025-08-13T21:06:59Z,0,14.36,plus,4,2
cust_10259,2025-08-09T18:21:09Z,3,92.14,free,0,0
cust_10226,2025-07-23T06:05:01Z,0,8.72,free,3,2
cust_10252,2025-08-08T23:43:20Z,3,44.79,pro,5,2
cust_10215,2025-06-29T13:12:11Z,1,31.48,pro,1,0
cust_10003,2025-06-30T08:10:59Z,2,17.1,free,1,0
cust_10028,2025-08-13T16:22:36Z,4,41.1,plus,4,2
cust_10396,2025-08-22T01:09:13Z,2,15.1,free,4,1
cust_10159,2025-07-26T17:40:49Z,4,22.68,free,1,0
cust_10339,2025-07-03T17:22:38Z,3,59.09,plus,3,1
cust_10559,2025-07-29T20:56:51Z,7,22.19,plus,0,0
cust_10236,2025-07-15T18:25:48Z,4,10.84,free,1,1
cust_00206,2025-07-20T09:18:26Z,4,11.67,free,3,2
cust_10190,2025-07-10T12:59:22Z,5,8.03,free,2,1
cust_10315,2025-07-09T10:12:53Z,7,60.07,plus,1,0
cust_10359,2025-07-28T15:08:10Z,2,29.21,plus,3,1
cust_10383,2025-07-10T02:47:14Z,1,7.44,plus,3,2
cust_10059,2025-08-03T03:08:45Z,6,51.25,free,7,3
cust_10148,2025-07-27T10:34:35Z,5,43.87,plus,2,1
cust_00567,2025-07-28T13:06:55Z,3,4.53,free,1,0
cust_10414,2025-07-25T14:18:58Z,1,21.57,free,2,1
cust_10088,2025-07-17T10:34:39Z,4,35.35,free,1,0
cust_10565,2025-06-21T17:40:40Z,3,44.18,plus,4,2
cust_10122,2025-08-16T23:33:11Z,3,90.8,free,0,0
cust_00553,2025-08-01T20:35:33Z,2,21.36,free,4,2
cust_00421,2025-07-29T05:33:54Z,0,49.69,free,3,1
cust_00329,2025-08-05T05:15:04Z,4,22.96,plus,2,1
cust_10043,2025-07-24T16:58:53Z,7,8.93,free,0,0
cust_10104,2025-07-17T14:34:02Z,3,22.68,free,3,2
cust_00383,2025-07-08T19:53:13Z,3,4.43,pro,4,2
cust_10474,2025-08-20T11:38:57Z,5,24.62,free,0,0
cust_10416,2025-07-22T15:40:43Z,4,20.35,free,0,0
cust_10330,2025-07-31T01:27:23Z,4,32.62,free,0,0
cust_10324,2025-08-19T02:09:38Z,4,13.66,plus,2,1
cust_10448,2025-08-14T16:18:31Z,2,23.99,free,0,0
cust_10384,2025-08-08T23:49:02Z,3,85.25,free,0,0
cust_10447,2025-08-19T06:12:42Z,4,11.51,free,2,1
cust_10201,2025-06-30T21:45:41Z,3,17.98,free,0,0
cust_10495,2025-08-11T04:59:08Z,6,70.44,free,1,1
cust_10378,2025-07-14T05:44:15Z,5,21.97,free,2,1
cust_10192,2025-08-06T15:42:05Z,2,53.27,free,3,1
cust_10340,2025-07-21T11:27:03Z,6,16.77,plus,2,1
cust_10469,2025-07-31T05:58:56Z,4,10.72,plus,0,0
cust_10178,2025-08-06T23:14:11Z,5,3.71,free,3,2
cust_10039,2025-08-09T17:07:23Z,3,40.53,free,0,0
cust_10372,2025-07-25T01:01:57Z,3,6.62,free,5,3
cust_10098,2025-07-26T04:33:28Z,1,10.07,plus,3,2
cust_00866,2025-07-31T02:20:57Z,2,18.81,plus,3,1
cust_10114,2025-08-10T11:47:35Z,3,62.51,plus,5,3
cust_10213,2025-06-22T14:43:38Z,5,36.85,free,0,0
cust_10031,2025-06-23T06:00:35Z,2,8.37,free,1,1
cust_10233,2025-07-19T17:51:21Z,2,199.99,free,1,0
cust_10379,2025-08-15T06:12:34Z,5,13.97,free,0,0
cust_00520,2025-06-23T06:10:15Z,1,18.5,free,2,1
cust_10165,2025-08-13T01:50:25Z,1,7.12,free,3,2
cust_10376,2025-07-15T06:06:50Z,6,10.75,plus,7,4
cust_10160,2025-07-16T18:34:32Z,4,28.71,plus,2,1
cust_00094,2025-08-21T08:23:57Z,2,5.92,plus,0,0
cust_00858,2025-08-22T20:44:26Z,4,12.44,free,3,2
cust_10128,2025-06-16T21:15:16Z,5,34.6,free,1,0
cust_10090,2025-07-25T11:49:30Z,5,83.64,free,0,0
cust_10134,2025-08-12T01:18:51Z,3,12.23,free,5,2
cust_10041,2025-08-08T09:17:51Z,5,58.31,free,0,0
cust_10584,2025-07-31T18:10:00Z,4,12.45,free,1,0
cust_10439,2025-07-26T07:38:03Z,0,8.85,free,2,1
cust_10023,2025-07-27T12:48:07Z,3,11.35,free,3,2
cust_10437,2025-07-26T20:43:15Z,1,53.63,free,2,1
cust_10153,2025-08-07T06:40:47Z,7,10.0,free,0,0
cust_10206,2025-07-15T05:58:07Z,4,26.81,free,2,1
cust_10222,2025-07-21T11:59:02Z,5,30.02,plus,3,1
cust_10005,2025-08-17T20:28:30Z,2,25.01,pro,6,4
cust_10530,2025-08-08T10:22:12Z,6,48.83,free,0,0
cust_10077,2025-08-19T10:33:36Z,5,3.15,free,0,0
cust_00147,2025-08-21T10:32:44Z,2,7.16,free,3,2
cust_00347,2025-08-22T17:42:11Z,4,28.46,free,0,0
cust_10321,2025-08-11T07:42:02Z,2,14.47,pro,3,1
cust_10271,2025-08-09T00:37:02Z,2,25.19,pro,8,4
cust_10091,2025-07-15T18:03:41Z,4,165.97,free,0,0
cust_10311,2025-07-22T16:30:25Z,2,50.02,free,0,0
cust_10523,2025-07-21T12:14:18Z,2,26.06,plus,3,2
cust_10465,2025-08-15T03:15:57Z,3,14.72,pro,4,2
cust_10013,2025-07-31T03:50:05Z,6,21.11,plus,1,1
cust_10544,2025-07-26T22:44:41Z,6,39.14,pro,1,0
cust_00434,2025-07-14T17:17:06Z,4,37.37,free,2,1
cust_00315,2025-07-23T04:38:32Z,4,107.74,plus,1,1
cust_10141,2025-06-28T06:07:33Z,3,118.32,plus,0,0
cust_10044,2025-08-20T23:56:27Z,5,28.81,plus,2,1
cust_10286,2025-08-06T23:10:03Z,3,25.35,free,3,1
cust_10345,2025-07-07T00:18:42Z,3,56.39,pro,4,1
cust_10019,2025-07-04T11:11:07Z,2,14.69,plus,5,2
cust_10110,2025-08-03T17:59:06Z,6,26.34,plus,0,0
cust_10155,2025-07-25T05:57:16Z,5,5.21,pro,1,1
cust_10566,2025-07-15T20:54:15Z,8,2.62,pro,4,2
cust_10478,2025-08-10T23:58:34Z,7,41.31,free,0,0
cust_10000,2025-07-17T05:33:14Z,8,14.22,free,0,0
cust_10403,2025-07-22T13:43:44Z,2,22.03,plus,3,1
cust_10401,2025-07-13T09:59:01Z,2,58.81,plus,4,2
cust_10409,2025-08-12T11:15:36Z,2,3.15,free,4,2
cust_10513,2025-06-20T19:39:38Z,9,16.02,free,5,3
cust_10444,2025-08-13T19:34:11Z,4,14.05,free,6,2
cust_00719,2025-08-02T02:55:11Z,4,6.37,free,1,1
cust_00527,2025-08-10T04:52:30Z,4,51.66,free,0,0
cust_00474,2025-06-29T00:29:14Z,3,27.94,pro,2,1
cust_10560,2025-07-18T18:22:46Z,3,27.59,free,5,2
cust_10399,2025-08-21T09:03:13Z,2,12.12,free,5,3
cust_10355,2025-08-14T07:18:02Z,4,17.13,plus,2,1
cust_00465,2025-07-25T15:02:27Z,1,65.65,free,0,0
cust_10116,2025-06-30T04:11:29Z,7,10.67,free,5,2
cust_10284,2025-07-19T12:38:07Z,2,29.53,free,4,2
cust_10278,2025-07-27T21:57:43Z,0,22.94,free,0,0
cust_10107,2025-07-01T21:56:12Z,3,18.37,plus,4,2
cust_10571,2025-07-17T05:54:05Z,2,13.28,free,2,1
cust_10239,2025-07-13T03:11:27Z,6,50.51,plus,0,0
cust_10113,2025-06-18T03:41:17Z,8,24.94,free,1,0
cust_10193,2025-08-09T14:21:53Z,3,25.35,free,1,1
cust_10125,2025-07-29T05:56:59Z,6,76.21,free,4,2
cust_00170,2025-08-10T06:27:54Z,1,54.37,free,0,0
cust_10078,2025-08-18T13:34:24Z,4,109.29,free,3,2
cust_10068,2025-06-23T12:52:54Z,1,11.68,free,3,2
cust_10436,2025-08-20T05:19:35Z,3,67.67,free,3,1
cust_10076,2025-08-21T17:07:53Z,2,4.35,free,7,4
cust_00595,2025-08-18T01:04:01Z,4,78.04,free,0,0
cust_10241,2025-08-10T21:29:45Z,6,49.68,plus,0,0
cust_10293,2025-08-09T20:42:27Z,6,38.89,plus,2,1
cust_10221,2025-08-16T01:01:55Z,3,11.14,plus,1,1
cust_10304,2025-08-14T21:15:46Z,3,100.53,pro,3,1
cust_10486,2025-08-19T18:26:32Z,4,21.88,free,1,0
cust_10494,2025-08-06T06:03:26Z,5,148.59,pro,2,1
cust_10152,2025-06-27T09:22:19Z,5,81.77,free,2,1
cust_10299,2025-07-02T21:04:05Z,5,24.1,free,0,0
cust_10475,2025-07-06T05:43:04Z,3,32.01,plus,1,0
cust_10084,2025-07-07T22:27:03Z,5,29.61,free,0,0
cust_10300,2025-07-14T14:06:09Z,2,32.15,free,0,0
cust_10574,2025-06-18T09:47:31Z,2,47.27,free,1,1
cust_10097,2025-08-17T12:29:20Z,4,6.07,plus,2,1
cust_00408,2025-06-28T10:37:39Z,3,21.56,pro,4,2
cust_00410,2025-06-19T17:21:49Z,6,5.06,free,1,1
cust_00625,2025-08-07T07:12:51Z,3,6.61,plus,1,0
cust_10280,2025-08-06T12:25:40Z,4,25.58,free,4,1
cust_10234,2025-07-26T22:45:50Z,4,17.17,free,2,1
cust_10353,2025-07-17T20:20:39Z,3,245.23,plus,3,2
